<?xml version="1.0" ?>
<PACKAGE>
	<NAME>_REG_TC29XB</NAME>
	<VERSION>TC29XB_UM_V1.3.R0</VERSION>
	<PKGINFO>
<![CDATA[Base XML files: For the 29XB registers: tc29xB_um_v1.3_MCSFR.xml; (Revision: UM_V1.3)
Register files for EBCU are copied from Package corresponding to Generic TC2XXED files: TC2XXED_TS_V1.0.R2.
Tool: ELibManager, version 1.0.58
Tool: PostProcessScripts V1.2.0: Path: https://ifxsvn.vih.infineon.com/svn/reg_c_headers/00_IfxAtvMc/09_Tools/01_PostProcessScripts: R128.
JIRA 0000049811-25 : AURIX 1G : Generate SFR C-Header files for devices other than TC27xB.]]>	</PKGINFO>
	<TARGET Device="TC29" Family="AURIX" Package="" Variant="B">
		<INTERNAL>
			<FILE>
				<VERSION>TC29XB_UM_V1.3.R0</VERSION>
				<PATH>./</PATH>
				<NAME>IfxAsclin_bf.h</NAME>
			</FILE>
			<FILE>
				<VERSION>TC29XB_UM_V1.3.R0</VERSION>
				<PATH>./</PATH>
				<NAME>IfxAsclin_reg.h</NAME>
			</FILE>
			<FILE>
				<VERSION>TC29XB_UM_V1.3.R0</VERSION>
				<PATH>./</PATH>
				<NAME>IfxAsclin_regdef.h</NAME>
			</FILE>
			<FILE>
				<VERSION>TC29XB_UM_V1.3.R0</VERSION>
				<PATH>./</PATH>
				<NAME>IfxCan_bf.h</NAME>
			</FILE>
			<FILE>
				<VERSION>TC29XB_UM_V1.3.R0</VERSION>
				<PATH>./</PATH>
				<NAME>IfxCan_reg.h</NAME>
			</FILE>
			<FILE>
				<VERSION>TC29XB_UM_V1.3.R0</VERSION>
				<PATH>./</PATH>
				<NAME>IfxCan_regdef.h</NAME>
			</FILE>
			<FILE>
				<VERSION>TC29XB_UM_V1.3.R0</VERSION>
				<PATH>./</PATH>
				<NAME>IfxCbs_bf.h</NAME>
			</FILE>
			<FILE>
				<VERSION>TC29XB_UM_V1.3.R0</VERSION>
				<PATH>./</PATH>
				<NAME>IfxCbs_reg.h</NAME>
			</FILE>
			<FILE>
				<VERSION>TC29XB_UM_V1.3.R0</VERSION>
				<PATH>./</PATH>
				<NAME>IfxCbs_regdef.h</NAME>
			</FILE>
			<FILE>
				<VERSION>TC29XB_UM_V1.3.R0</VERSION>
				<PATH>./</PATH>
				<NAME>IfxCcu6_bf.h</NAME>
			</FILE>
			<FILE>
				<VERSION>TC29XB_UM_V1.3.R0</VERSION>
				<PATH>./</PATH>
				<NAME>IfxCcu6_reg.h</NAME>
			</FILE>
			<FILE>
				<VERSION>TC29XB_UM_V1.3.R0</VERSION>
				<PATH>./</PATH>
				<NAME>IfxCcu6_regdef.h</NAME>
			</FILE>
			<FILE>
				<VERSION>TC29XB_UM_V1.3.R0</VERSION>
				<PATH>./</PATH>
				<NAME>IfxCif_bf.h</NAME>
			</FILE>
			<FILE>
				<VERSION>TC29XB_UM_V1.3.R0</VERSION>
				<PATH>./</PATH>
				<NAME>IfxCif_reg.h</NAME>
			</FILE>
			<FILE>
				<VERSION>TC29XB_UM_V1.3.R0</VERSION>
				<PATH>./</PATH>
				<NAME>IfxCif_regdef.h</NAME>
			</FILE>
			<FILE>
				<VERSION>TC29XB_UM_V1.3.R0</VERSION>
				<PATH>./</PATH>
				<NAME>IfxCpu_bf.h</NAME>
			</FILE>
			<FILE>
				<VERSION>TC29XB_UM_V1.3.R0</VERSION>
				<PATH>./</PATH>
				<NAME>IfxCpu_reg.h</NAME>
			</FILE>
			<FILE>
				<VERSION>TC29XB_UM_V1.3.R0</VERSION>
				<PATH>./</PATH>
				<NAME>IfxCpu_regdef.h</NAME>
			</FILE>
			<FILE>
				<VERSION>TC29XB_UM_V1.3.R0</VERSION>
				<PATH>./</PATH>
				<NAME>IfxDma_bf.h</NAME>
			</FILE>
			<FILE>
				<VERSION>TC29XB_UM_V1.3.R0</VERSION>
				<PATH>./</PATH>
				<NAME>IfxDma_reg.h</NAME>
			</FILE>
			<FILE>
				<VERSION>TC29XB_UM_V1.3.R0</VERSION>
				<PATH>./</PATH>
				<NAME>IfxDma_regdef.h</NAME>
			</FILE>
			<FILE>
				<VERSION>TC29XB_UM_V1.3.R0</VERSION>
				<PATH>./</PATH>
				<NAME>IfxDsadc_bf.h</NAME>
			</FILE>
			<FILE>
				<VERSION>TC29XB_UM_V1.3.R0</VERSION>
				<PATH>./</PATH>
				<NAME>IfxDsadc_reg.h</NAME>
			</FILE>
			<FILE>
				<VERSION>TC29XB_UM_V1.3.R0</VERSION>
				<PATH>./</PATH>
				<NAME>IfxDsadc_regdef.h</NAME>
			</FILE>
			<FILE>
				<VERSION>TC2XXED_TS_V1.0.R2</VERSION>
				<PATH>./</PATH>
				<NAME>IfxEbcu_bf.h</NAME>
			</FILE>
			<FILE>
				<VERSION>TC2XXED_TS_V1.0.R2</VERSION>
				<PATH>./</PATH>
				<NAME>IfxEbcu_reg.h</NAME>
			</FILE>
			<FILE>
				<VERSION>TC2XXED_TS_V1.0.R2</VERSION>
				<PATH>./</PATH>
				<NAME>IfxEbcu_regdef.h</NAME>
			</FILE>
			<FILE>
				<VERSION>TC29XB_UM_V1.3.R0</VERSION>
				<PATH>./</PATH>
				<NAME>IfxEbu_bf.h</NAME>
			</FILE>
			<FILE>
				<VERSION>TC29XB_UM_V1.3.R0</VERSION>
				<PATH>./</PATH>
				<NAME>IfxEbu_reg.h</NAME>
			</FILE>
			<FILE>
				<VERSION>TC29XB_UM_V1.3.R0</VERSION>
				<PATH>./</PATH>
				<NAME>IfxEbu_regdef.h</NAME>
			</FILE>
			<FILE>
				<VERSION>TC2XXED_TS_V1.0.R2</VERSION>
				<PATH>./</PATH>
				<NAME>IfxEmem_bf.h</NAME>
			</FILE>
			<FILE>
				<VERSION>TC2XXED_TS_V1.0.R2</VERSION>
				<PATH>./</PATH>
				<NAME>IfxEmem_reg.h</NAME>
			</FILE>
			<FILE>
				<VERSION>TC2XXED_TS_V1.0.R2</VERSION>
				<PATH>./</PATH>
				<NAME>IfxEmem_regdef.h</NAME>
			</FILE>
			<FILE>
				<VERSION>TC29XB_UM_V1.3.R0</VERSION>
				<PATH>./</PATH>
				<NAME>IfxEray_bf.h</NAME>
			</FILE>
			<FILE>
				<VERSION>TC29XB_UM_V1.3.R0</VERSION>
				<PATH>./</PATH>
				<NAME>IfxEray_reg.h</NAME>
			</FILE>
			<FILE>
				<VERSION>TC29XB_UM_V1.3.R0</VERSION>
				<PATH>./</PATH>
				<NAME>IfxEray_regdef.h</NAME>
			</FILE>
			<FILE>
				<VERSION>TC29XB_UM_V1.3.R0</VERSION>
				<PATH>./</PATH>
				<NAME>IfxEth_bf.h</NAME>
			</FILE>
			<FILE>
				<VERSION>TC29XB_UM_V1.3.R0</VERSION>
				<PATH>./</PATH>
				<NAME>IfxEth_reg.h</NAME>
			</FILE>
			<FILE>
				<VERSION>TC29XB_UM_V1.3.R0</VERSION>
				<PATH>./</PATH>
				<NAME>IfxEth_regdef.h</NAME>
			</FILE>
			<FILE>
				<VERSION>TC29XB_UM_V1.3.R0</VERSION>
				<PATH>./</PATH>
				<NAME>IfxFce_bf.h</NAME>
			</FILE>
			<FILE>
				<VERSION>TC29XB_UM_V1.3.R0</VERSION>
				<PATH>./</PATH>
				<NAME>IfxFce_reg.h</NAME>
			</FILE>
			<FILE>
				<VERSION>TC29XB_UM_V1.3.R0</VERSION>
				<PATH>./</PATH>
				<NAME>IfxFce_regdef.h</NAME>
			</FILE>
			<FILE>
				<VERSION>TC29XB_UM_V1.3.R0</VERSION>
				<PATH>./</PATH>
				<NAME>IfxFft_bf.h</NAME>
			</FILE>
			<FILE>
				<VERSION>TC29XB_UM_V1.3.R0</VERSION>
				<PATH>./</PATH>
				<NAME>IfxFft_reg.h</NAME>
			</FILE>
			<FILE>
				<VERSION>TC29XB_UM_V1.3.R0</VERSION>
				<PATH>./</PATH>
				<NAME>IfxFft_regdef.h</NAME>
			</FILE>
			<FILE>
				<VERSION>TC29XB_UM_V1.3.R0</VERSION>
				<PATH>./</PATH>
				<NAME>IfxFlash_bf.h</NAME>
			</FILE>
			<FILE>
				<VERSION>TC29XB_UM_V1.3.R0</VERSION>
				<PATH>./</PATH>
				<NAME>IfxFlash_reg.h</NAME>
			</FILE>
			<FILE>
				<VERSION>TC29XB_UM_V1.3.R0</VERSION>
				<PATH>./</PATH>
				<NAME>IfxFlash_regdef.h</NAME>
			</FILE>
			<FILE>
				<VERSION>TC29XB_UM_V1.3.R0</VERSION>
				<PATH>./</PATH>
				<NAME>IfxGpt12_bf.h</NAME>
			</FILE>
			<FILE>
				<VERSION>TC29XB_UM_V1.3.R0</VERSION>
				<PATH>./</PATH>
				<NAME>IfxGpt12_reg.h</NAME>
			</FILE>
			<FILE>
				<VERSION>TC29XB_UM_V1.3.R0</VERSION>
				<PATH>./</PATH>
				<NAME>IfxGpt12_regdef.h</NAME>
			</FILE>
			<FILE>
				<VERSION>TC29XB_UM_V1.3.R0</VERSION>
				<PATH>./</PATH>
				<NAME>IfxGtm_bf.h</NAME>
			</FILE>
			<FILE>
				<VERSION>TC29XB_UM_V1.3.R0</VERSION>
				<PATH>./</PATH>
				<NAME>IfxGtm_reg.h</NAME>
			</FILE>
			<FILE>
				<VERSION>TC29XB_UM_V1.3.R0</VERSION>
				<PATH>./</PATH>
				<NAME>IfxGtm_regdef.h</NAME>
			</FILE>
			<FILE>
				<VERSION>TC29XB_UM_V1.3.R0</VERSION>
				<PATH>./</PATH>
				<NAME>IfxHsct_bf.h</NAME>
			</FILE>
			<FILE>
				<VERSION>TC29XB_UM_V1.3.R0</VERSION>
				<PATH>./</PATH>
				<NAME>IfxHsct_reg.h</NAME>
			</FILE>
			<FILE>
				<VERSION>TC29XB_UM_V1.3.R0</VERSION>
				<PATH>./</PATH>
				<NAME>IfxHsct_regdef.h</NAME>
			</FILE>
			<FILE>
				<VERSION>TC29XB_UM_V1.3.R0</VERSION>
				<PATH>./</PATH>
				<NAME>IfxHssl_bf.h</NAME>
			</FILE>
			<FILE>
				<VERSION>TC29XB_UM_V1.3.R0</VERSION>
				<PATH>./</PATH>
				<NAME>IfxHssl_reg.h</NAME>
			</FILE>
			<FILE>
				<VERSION>TC29XB_UM_V1.3.R0</VERSION>
				<PATH>./</PATH>
				<NAME>IfxHssl_regdef.h</NAME>
			</FILE>
			<FILE>
				<VERSION>TC29XB_UM_V1.3.R0</VERSION>
				<PATH>./</PATH>
				<NAME>IfxI2c_bf.h</NAME>
			</FILE>
			<FILE>
				<VERSION>TC29XB_UM_V1.3.R0</VERSION>
				<PATH>./</PATH>
				<NAME>IfxI2c_reg.h</NAME>
			</FILE>
			<FILE>
				<VERSION>TC29XB_UM_V1.3.R0</VERSION>
				<PATH>./</PATH>
				<NAME>IfxI2c_regdef.h</NAME>
			</FILE>
			<FILE>
				<VERSION>TC29XB_UM_V1.3.R0</VERSION>
				<PATH>./</PATH>
				<NAME>IfxInt_bf.h</NAME>
			</FILE>
			<FILE>
				<VERSION>TC29XB_UM_V1.3.R0</VERSION>
				<PATH>./</PATH>
				<NAME>IfxInt_reg.h</NAME>
			</FILE>
			<FILE>
				<VERSION>TC29XB_UM_V1.3.R0</VERSION>
				<PATH>./</PATH>
				<NAME>IfxInt_regdef.h</NAME>
			</FILE>
			<FILE>
				<VERSION>TC29XB_UM_V1.3.R0</VERSION>
				<PATH>./</PATH>
				<NAME>IfxIom_bf.h</NAME>
			</FILE>
			<FILE>
				<VERSION>TC29XB_UM_V1.3.R0</VERSION>
				<PATH>./</PATH>
				<NAME>IfxIom_reg.h</NAME>
			</FILE>
			<FILE>
				<VERSION>TC29XB_UM_V1.3.R0</VERSION>
				<PATH>./</PATH>
				<NAME>IfxIom_regdef.h</NAME>
			</FILE>
			<FILE>
				<VERSION>TC29XB_UM_V1.3.R0</VERSION>
				<PATH>./</PATH>
				<NAME>IfxLmu_bf.h</NAME>
			</FILE>
			<FILE>
				<VERSION>TC29XB_UM_V1.3.R0</VERSION>
				<PATH>./</PATH>
				<NAME>IfxLmu_reg.h</NAME>
			</FILE>
			<FILE>
				<VERSION>TC29XB_UM_V1.3.R0</VERSION>
				<PATH>./</PATH>
				<NAME>IfxLmu_regdef.h</NAME>
			</FILE>
			<FILE>
				<VERSION>TC29XB_UM_V1.3.R0</VERSION>
				<PATH>./</PATH>
				<NAME>IfxMc_bf.h</NAME>
			</FILE>
			<FILE>
				<VERSION>TC29XB_UM_V1.3.R0</VERSION>
				<PATH>./</PATH>
				<NAME>IfxMc_reg.h</NAME>
			</FILE>
			<FILE>
				<VERSION>TC29XB_UM_V1.3.R0</VERSION>
				<PATH>./</PATH>
				<NAME>IfxMc_regdef.h</NAME>
			</FILE>
			<FILE>
				<VERSION>TC29XB_UM_V1.3.R0</VERSION>
				<PATH>./</PATH>
				<NAME>IfxMinimcds_bf.h</NAME>
			</FILE>
			<FILE>
				<VERSION>TC29XB_UM_V1.3.R0</VERSION>
				<PATH>./</PATH>
				<NAME>IfxMinimcds_reg.h</NAME>
			</FILE>
			<FILE>
				<VERSION>TC29XB_UM_V1.3.R0</VERSION>
				<PATH>./</PATH>
				<NAME>IfxMinimcds_regdef.h</NAME>
			</FILE>
			<FILE>
				<VERSION>TC29XB_UM_V1.3.R0</VERSION>
				<PATH>./</PATH>
				<NAME>IfxMsc_bf.h</NAME>
			</FILE>
			<FILE>
				<VERSION>TC29XB_UM_V1.3.R0</VERSION>
				<PATH>./</PATH>
				<NAME>IfxMsc_reg.h</NAME>
			</FILE>
			<FILE>
				<VERSION>TC29XB_UM_V1.3.R0</VERSION>
				<PATH>./</PATH>
				<NAME>IfxMsc_regdef.h</NAME>
			</FILE>
			<FILE>
				<VERSION>TC29XB_UM_V1.3.R0</VERSION>
				<PATH>./</PATH>
				<NAME>IfxMtu_bf.h</NAME>
			</FILE>
			<FILE>
				<VERSION>TC29XB_UM_V1.3.R0</VERSION>
				<PATH>./</PATH>
				<NAME>IfxMtu_reg.h</NAME>
			</FILE>
			<FILE>
				<VERSION>TC29XB_UM_V1.3.R0</VERSION>
				<PATH>./</PATH>
				<NAME>IfxMtu_regdef.h</NAME>
			</FILE>
			<FILE>
				<VERSION>TC29XB_UM_V1.3.R0</VERSION>
				<PATH>./</PATH>
				<NAME>IfxOvc_bf.h</NAME>
			</FILE>
			<FILE>
				<VERSION>TC29XB_UM_V1.3.R0</VERSION>
				<PATH>./</PATH>
				<NAME>IfxOvc_reg.h</NAME>
			</FILE>
			<FILE>
				<VERSION>TC29XB_UM_V1.3.R0</VERSION>
				<PATH>./</PATH>
				<NAME>IfxOvc_regdef.h</NAME>
			</FILE>
			<FILE>
				<VERSION>TC29XB_UM_V1.3.R0</VERSION>
				<PATH>./</PATH>
				<NAME>IfxPmu_bf.h</NAME>
			</FILE>
			<FILE>
				<VERSION>TC29XB_UM_V1.3.R0</VERSION>
				<PATH>./</PATH>
				<NAME>IfxPmu_reg.h</NAME>
			</FILE>
			<FILE>
				<VERSION>TC29XB_UM_V1.3.R0</VERSION>
				<PATH>./</PATH>
				<NAME>IfxPmu_regdef.h</NAME>
			</FILE>
			<FILE>
				<VERSION>TC29XB_UM_V1.3.R0</VERSION>
				<PATH>./</PATH>
				<NAME>IfxPort_bf.h</NAME>
			</FILE>
			<FILE>
				<VERSION>TC29XB_UM_V1.3.R0</VERSION>
				<PATH>./</PATH>
				<NAME>IfxPort_reg.h</NAME>
			</FILE>
			<FILE>
				<VERSION>TC29XB_UM_V1.3.R0</VERSION>
				<PATH>./</PATH>
				<NAME>IfxPort_regdef.h</NAME>
			</FILE>
			<FILE>
				<VERSION>TC29XB_UM_V1.3.R0</VERSION>
				<PATH>./</PATH>
				<NAME>IfxPsi5s_bf.h</NAME>
			</FILE>
			<FILE>
				<VERSION>TC29XB_UM_V1.3.R0</VERSION>
				<PATH>./</PATH>
				<NAME>IfxPsi5s_reg.h</NAME>
			</FILE>
			<FILE>
				<VERSION>TC29XB_UM_V1.3.R0</VERSION>
				<PATH>./</PATH>
				<NAME>IfxPsi5s_regdef.h</NAME>
			</FILE>
			<FILE>
				<VERSION>TC29XB_UM_V1.3.R0</VERSION>
				<PATH>./</PATH>
				<NAME>IfxPsi5_bf.h</NAME>
			</FILE>
			<FILE>
				<VERSION>TC29XB_UM_V1.3.R0</VERSION>
				<PATH>./</PATH>
				<NAME>IfxPsi5_reg.h</NAME>
			</FILE>
			<FILE>
				<VERSION>TC29XB_UM_V1.3.R0</VERSION>
				<PATH>./</PATH>
				<NAME>IfxPsi5_regdef.h</NAME>
			</FILE>
			<FILE>
				<VERSION>TC29XB_UM_V1.3.R0</VERSION>
				<PATH>./</PATH>
				<NAME>IfxQspi_bf.h</NAME>
			</FILE>
			<FILE>
				<VERSION>TC29XB_UM_V1.3.R0</VERSION>
				<PATH>./</PATH>
				<NAME>IfxQspi_reg.h</NAME>
			</FILE>
			<FILE>
				<VERSION>TC29XB_UM_V1.3.R0</VERSION>
				<PATH>./</PATH>
				<NAME>IfxQspi_regdef.h</NAME>
			</FILE>
			<FILE>
				<VERSION>TC29XB_UM_V1.3.R0</VERSION>
				<PATH>./</PATH>
				<NAME>IfxSbcu_bf.h</NAME>
			</FILE>
			<FILE>
				<VERSION>TC29XB_UM_V1.3.R0</VERSION>
				<PATH>./</PATH>
				<NAME>IfxSbcu_reg.h</NAME>
			</FILE>
			<FILE>
				<VERSION>TC29XB_UM_V1.3.R0</VERSION>
				<PATH>./</PATH>
				<NAME>IfxSbcu_regdef.h</NAME>
			</FILE>
			<FILE>
				<VERSION>TC29XB_UM_V1.3.R0</VERSION>
				<PATH>./</PATH>
				<NAME>IfxScu_bf.h</NAME>
			</FILE>
			<FILE>
				<VERSION>TC29XB_UM_V1.3.R0</VERSION>
				<PATH>./</PATH>
				<NAME>IfxScu_reg.h</NAME>
			</FILE>
			<FILE>
				<VERSION>TC29XB_UM_V1.3.R0</VERSION>
				<PATH>./</PATH>
				<NAME>IfxScu_regdef.h</NAME>
			</FILE>
			<FILE>
				<VERSION>TC29XB_UM_V1.3.R0</VERSION>
				<PATH>./</PATH>
				<NAME>IfxSent_bf.h</NAME>
			</FILE>
			<FILE>
				<VERSION>TC29XB_UM_V1.3.R0</VERSION>
				<PATH>./</PATH>
				<NAME>IfxSent_reg.h</NAME>
			</FILE>
			<FILE>
				<VERSION>TC29XB_UM_V1.3.R0</VERSION>
				<PATH>./</PATH>
				<NAME>IfxSent_regdef.h</NAME>
			</FILE>
			<FILE>
				<VERSION>TC29XB_UM_V1.3.R0</VERSION>
				<PATH>./</PATH>
				<NAME>IfxSmu_bf.h</NAME>
			</FILE>
			<FILE>
				<VERSION>TC29XB_UM_V1.3.R0</VERSION>
				<PATH>./</PATH>
				<NAME>IfxSmu_reg.h</NAME>
			</FILE>
			<FILE>
				<VERSION>TC29XB_UM_V1.3.R0</VERSION>
				<PATH>./</PATH>
				<NAME>IfxSmu_regdef.h</NAME>
			</FILE>
			<FILE>
				<VERSION>TC29XB_UM_V1.3.R0</VERSION>
				<PATH>./</PATH>
				<NAME>IfxSrc_bf.h</NAME>
			</FILE>
			<FILE>
				<VERSION>TC29XB_UM_V1.3.R0</VERSION>
				<PATH>./</PATH>
				<NAME>IfxSrc_reg.h</NAME>
			</FILE>
			<FILE>
				<VERSION>TC29XB_UM_V1.3.R0</VERSION>
				<PATH>./</PATH>
				<NAME>IfxSrc_regdef.h</NAME>
			</FILE>
			<FILE>
				<VERSION>TC29XB_UM_V1.3.R0</VERSION>
				<PATH>./</PATH>
				<NAME>IfxStm_bf.h</NAME>
			</FILE>
			<FILE>
				<VERSION>TC29XB_UM_V1.3.R0</VERSION>
				<PATH>./</PATH>
				<NAME>IfxStm_reg.h</NAME>
			</FILE>
			<FILE>
				<VERSION>TC29XB_UM_V1.3.R0</VERSION>
				<PATH>./</PATH>
				<NAME>IfxStm_regdef.h</NAME>
			</FILE>
			<FILE>
				<VERSION>TC29XB_UM_V1.3.R0</VERSION>
				<PATH>./</PATH>
				<NAME>IfxVadc_bf.h</NAME>
			</FILE>
			<FILE>
				<VERSION>TC29XB_UM_V1.3.R0</VERSION>
				<PATH>./</PATH>
				<NAME>IfxVadc_reg.h</NAME>
			</FILE>
			<FILE>
				<VERSION>TC29XB_UM_V1.3.R0</VERSION>
				<PATH>./</PATH>
				<NAME>IfxVadc_regdef.h</NAME>
			</FILE>
			<FILE>
				<VERSION>TC29XB_UM_V1.3.R0</VERSION>
				<PATH>./</PATH>
				<NAME>IfxXbar_bf.h</NAME>
			</FILE>
			<FILE>
				<VERSION>TC29XB_UM_V1.3.R0</VERSION>
				<PATH>./</PATH>
				<NAME>IfxXbar_reg.h</NAME>
			</FILE>
			<FILE>
				<VERSION>TC29XB_UM_V1.3.R0</VERSION>
				<PATH>./</PATH>
				<NAME>IfxXbar_regdef.h</NAME>
			</FILE>
			<FILE>
				<VERSION>TC29XB_UM_V1.3.R0</VERSION>
				<PATH>./</PATH>
				<NAME>Ifx_reg.h</NAME>
			</FILE>
			<FILE>
				<VERSION>IFXREGTYPES_V1.0.R0</VERSION>
				<PATH>./</PATH>
				<NAME>Ifx_TypesReg.h</NAME>
			</FILE>
			<FOLDER>
				<VERSION/>
				<PATH/>
				<NAME/>
			</FOLDER>
		</INTERNAL>
	</TARGET>
</PACKAGE>
